id,first_name,last_name,email,gender,ip_address
1,Gael,Rutherfoord,grutherfoord0@earthlink.net,Male,172.174.2.69
2,Bertie,Taplow,btaplow1@google.com.hk,Female,231.158.85.219
3,Bev,Seleway,bseleway2@flickr.com,Male,57.15.15.196
4,Ruby,Milverton,rmilverton3@infoseek.co.jp,Male,237.69.161.174
5,Georgy,Hateley,ghateley4@live.com,Male,40.21.228.104
6,Aksel,Brinded,abrinded5@trellian.com,Male,246.141.157.110
7,Libbie,Hullah,lhullah6@ask.com,Female,156.46.218.68
8,Madelena,MacCulloch,mmacculloch7@vk.com,Female,227.100.170.174
9,Sigismundo,Batten,sbatten8@eepurl.com,Male,240.188.107.49
10,Thurstan,Baughan,tbaughan9@google.es,Male,209.173.30.40
11,Marcie,Scaddon,mscaddona@google.ca,Female,25.1.77.20
12,Isa,Treece,itreeceb@bizjournals.com,Male,240.50.32.224
13,Markos,Forsaith,mforsaithc@tripod.com,Male,231.103.218.130
14,Basilio,Roisen,broisend@icio.us,Male,97.5.44.31
15,Caroline,Robez,crobeze@jalbum.net,Female,78.182.241.147
16,Loria,Birdwhistell,lbirdwhistellf@wisc.edu,Female,228.247.61.192
17,Ben,Acland,baclandg@yellowpages.com,Male,5.127.218.188
18,Shea,Gronno,sgronnoh@dailymail.co.uk,Male,150.149.126.184
19,Josias,Dearn,jdearni@npr.org,Male,144.161.37.123
20,Mair,Taile,mtailej@weibo.com,Female,215.140.114.4
21,Selia,Millican,smillicank@skype.com,Female,129.104.63.104
22,Lina,Coldridge,lcoldridgel@latimes.com,Female,123.17.20.107
23,Byrom,Flecknoe,bflecknoem@bigcartel.com,Male,94.197.87.255
24,Spike,Eckh,seckhn@gizmodo.com,Male,75.26.42.77
25,Wolf,Dewane,wdewaneo@rediff.com,Male,83.56.31.70
26,Glad,Elby,gelbyp@multiply.com,Female,29.50.94.79
27,Dinnie,Jakeman,djakemanq@sohu.com,Female,112.7.206.144
28,Ikey,Oldred,ioldredr@sun.com,Male,42.227.36.168
29,Tymothy,Donner,tdonners@sohu.com,Male,176.149.34.47
30,Val,Hails,vhailst@arstechnica.com,Male,26.182.14.182
31,Kelli,Jennery,kjenneryu@ox.ac.uk,Female,228.244.235.36
32,Otha,Deere,odeerev@gov.uk,Female,147.108.22.195
33,Pennie,Wykes,pwykesw@howstuffworks.com,Female,78.85.251.208
34,Fax,Tawse,ftawsex@lycos.com,Male,113.77.2.144
35,Brigg,Carik,bcariky@census.gov,Male,88.252.47.57
36,Hester,Daldry,hdaldryz@intel.com,Female,216.75.57.131
37,Sidoney,Pavlishchev,spavlishchev10@usgs.gov,Female,68.157.82.99
38,Carry,Puleque,cpuleque11@archive.org,Female,56.13.66.96
39,Laurence,Blakemore,lblakemore12@people.com.cn,Male,82.187.198.61
40,Gay,Kunath,gkunath13@tmall.com,Male,169.205.49.57
41,Carmon,Cashman,ccashman14@chicagotribune.com,Female,23.35.186.67
42,Fan,Davenport,fdavenport15@exblog.jp,Female,200.159.25.225
43,Clarey,Bramhall,cbramhall16@sbwire.com,Female,74.103.199.119
44,Fredia,Fowden,ffowden17@zimbio.com,Female,23.100.230.221
45,Robena,Heading,rheading18@cyberchimps.com,Female,97.139.178.129
46,Tabor,Lacaze,tlacaze19@go.com,Male,100.229.221.200
47,Noll,Sturgis,nsturgis1a@umn.edu,Male,170.71.152.134
48,Frazier,Acock,facock1b@hugedomains.com,Male,8.249.141.15
49,Wake,Cymper,wcymper1c@bing.com,Male,109.94.73.75
50,Leanora,Mabbott,lmabbott1d@hostgator.com,Female,255.32.247.127
51,Othella,Mallord,omallord1e@photobucket.com,Female,190.77.122.50
52,Dyanna,McPeck,dmcpeck1f@addthis.com,Female,155.237.24.10
53,Sean,Lade,slade1g@yellowbook.com,Male,54.103.171.158
54,Janel,Selvey,jselvey1h@prweb.com,Female,8.9.61.12
55,Artemis,Swinfon,aswinfon1i@discuz.net,Male,47.178.0.90
56,Salvidor,Sattin,ssattin1j@github.io,Male,116.216.147.23
57,Shelden,Le Cornu,slecornu1k@google.com,Male,195.66.35.249
58,Othella,Eich,oeich1l@cpanel.net,Female,225.201.161.96
59,Kalindi,Band,kband1m@senate.gov,Female,63.217.154.199
60,Meggi,Esparza,mesparza1n@biblegateway.com,Female,55.26.76.116
61,Sander,Lovekin,slovekin1o@jiathis.com,Male,215.18.85.24
62,Tresa,Dzeniskevich,tdzeniskevich1p@tripadvisor.com,Female,255.132.194.75
63,Pablo,Lattos,plattos1q@springer.com,Male,164.47.72.228
64,Beret,Ewing,bewing1r@usda.gov,Female,25.109.151.245
65,Dukey,Chalcroft,dchalcroft1s@domainmarket.com,Male,95.42.28.120
66,Karoline,Craske,kcraske1t@wired.com,Female,82.125.18.116
67,Harv,Chafer,hchafer1u@cam.ac.uk,Male,179.235.115.27
68,Noell,Braywood,nbraywood1v@feedburner.com,Female,87.15.152.38
69,Danica,Fumagall,dfumagall1w@vk.com,Female,98.217.29.88
70,Zeke,Laker,zlaker1x@guardian.co.uk,Male,186.166.48.145
71,Anatola,Habbon,ahabbon1y@shop-pro.jp,Female,57.238.32.210
72,Fritz,Legrave,flegrave1z@uol.com.br,Male,133.244.229.199
73,Ragnar,Eustanch,reustanch20@wikispaces.com,Male,7.203.238.107
74,Mack,Grist,mgrist21@nytimes.com,Male,94.21.58.63
75,Ashlin,Barrow,abarrow22@bigcartel.com,Male,186.249.105.68
76,Chancey,Freezer,cfreezer23@intel.com,Male,51.175.255.140
77,Barbaraanne,Lundy,blundy24@soup.io,Female,150.86.136.191
78,Fredrick,Kernermann,fkernermann25@moonfruit.com,Male,148.30.175.60
79,Olympie,Tume,otume26@hugedomains.com,Female,193.177.212.226
80,Juliette,Barnewall,jbarnewall27@moonfruit.com,Female,142.216.197.161
81,Matilda,Eilhermann,meilhermann28@odnoklassniki.ru,Female,126.145.252.243
82,Townie,Scotney,tscotney29@moonfruit.com,Male,95.139.250.2
83,Galvan,Kenneway,gkenneway2a@ted.com,Male,138.138.44.106
84,Garrick,Lesmonde,glesmonde2b@utexas.edu,Male,207.21.164.136
85,Tuesday,Caudrelier,tcaudrelier2c@washington.edu,Female,57.117.56.82
86,Zachery,Proske,zproske2d@harvard.edu,Male,214.40.204.123
87,Trueman,Messager,tmessager2e@theglobeandmail.com,Male,72.173.180.237
88,Leilah,Mosdall,lmosdall2f@time.com,Female,233.231.229.245
89,Jeremiah,Dumingo,jdumingo2g@elpais.com,Male,153.232.246.243
90,Avrom,Legging,alegging2h@wikimedia.org,Male,118.69.166.158
91,Deborah,Paddle,dpaddle2i@smh.com.au,Female,130.226.204.215
92,Der,Aireton,daireton2j@is.gd,Male,161.33.16.90
93,Jard,Siderfin,jsiderfin2k@squidoo.com,Male,174.23.207.84
94,Gerti,Atwel,gatwel2l@utexas.edu,Female,136.213.235.189
95,Brnaba,Cluderay,bcluderay2m@utexas.edu,Male,4.105.248.193
96,Wye,Prott,wprott2n@reuters.com,Male,152.153.149.119
97,Latashia,Beagan,lbeagan2o@wufoo.com,Female,210.239.221.169
98,Jeanine,Parkinson,jparkinson2p@cam.ac.uk,Female,116.27.5.101
99,Berny,Wakes,bwakes2q@vinaora.com,Male,208.198.170.160
100,Lexine,Lakenden,llakenden2r@ihg.com,Female,97.195.131.117
101,Hulda,Brainsby,hbrainsby2s@soundcloud.com,Female,121.57.194.212
102,Cammy,Dudny,cdudny2t@sitemeter.com,Female,89.128.232.78
103,Elvira,Lauderdale,elauderdale2u@unblog.fr,Female,32.179.184.171
104,Edee,Steers,esteers2v@scientificamerican.com,Female,170.170.200.158
105,Uta,Spini,uspini2w@a8.net,Female,220.117.249.237
106,Otes,Harmon,oharmon2x@odnoklassniki.ru,Male,114.88.195.140
107,Harri,Durie,hdurie2y@gov.uk,Female,52.200.77.235
108,Cirilo,Francois,cfrancois2z@nih.gov,Male,155.106.73.249
109,Mag,Fritzer,mfritzer30@reuters.com,Female,91.147.65.156
110,Florina,Tomasicchio,ftomasicchio31@loc.gov,Female,49.0.174.76
111,Robb,Chatain,rchatain32@ow.ly,Male,27.250.176.224
112,Gustave,Churm,gchurm33@surveymonkey.com,Male,69.124.250.207
113,Theo,Skingle,tskingle34@apple.com,Female,223.114.43.24
114,Shela,O'Kelly,sokelly35@amazon.co.uk,Female,237.152.71.192
115,Thalia,Couthard,tcouthard36@1und1.de,Female,28.140.115.125
116,Jaimie,Seldner,jseldner37@cnn.com,Male,146.251.142.95
117,Madge,De Giorgio,mdegiorgio38@reverbnation.com,Female,95.11.79.158
118,Jillana,Zeale,jzeale39@netlog.com,Female,222.39.16.32
119,Rhiamon,Choupin,rchoupin3a@eventbrite.com,Female,192.193.196.7
120,Kinnie,Greenleaf,kgreenleaf3b@wordpress.com,Male,62.61.150.182
121,Audry,Phebey,aphebey3c@wordpress.com,Female,125.224.160.157
122,Ransell,Leyban,rleyban3d@usnews.com,Male,36.62.130.137
123,Joleen,Duerden,jduerden3e@bizjournals.com,Female,64.86.165.115
124,Merna,Lodder,mlodder3f@icio.us,Female,113.220.161.229
125,Tisha,Mussared,tmussared3g@icq.com,Female,45.203.191.197
126,Emma,Denisard,edenisard3h@cdbaby.com,Female,231.32.154.182
127,Ardene,Brando,abrando3i@ucoz.ru,Female,177.87.112.5
128,Clem,Baskett,cbaskett3j@acquirethisname.com,Female,125.159.87.115
129,Far,Greenman,fgreenman3k@is.gd,Male,51.107.128.46
130,Otho,Garrand,ogarrand3l@pen.io,Male,92.105.14.3
131,Bank,Luney,bluney3m@yahoo.com,Male,55.104.225.22
132,Kellie,Gajewski,kgajewski3n@who.int,Female,56.54.20.24
133,Dallon,Cazalet,dcazalet3o@ovh.net,Male,133.204.210.254
134,Joscelin,Ducham,jducham3p@paginegialle.it,Female,65.34.215.181
135,Willey,Alderson,walderson3q@people.com.cn,Male,32.171.21.76
136,Krishnah,Bagenal,kbagenal3r@istockphoto.com,Male,53.161.224.17
137,Leone,Tingly,ltingly3s@cisco.com,Female,28.177.38.156
138,Arny,Allsop,aallsop3t@furl.net,Male,111.177.116.163
139,Valentijn,Bruhnsen,vbruhnsen3u@pinterest.com,Male,249.239.154.44
140,Barty,Duffy,bduffy3v@kickstarter.com,Male,56.107.83.105
141,Libbie,Kobisch,lkobisch3w@ebay.co.uk,Female,212.149.7.4
142,Mei,Duckhouse,mduckhouse3x@weebly.com,Female,141.150.36.102
143,Guido,Pilpovic,gpilpovic3y@amazon.de,Male,61.226.117.100
144,Antonella,Rodbourne,arodbourne3z@usa.gov,Female,25.79.115.30
145,Danica,Dorrins,ddorrins40@trellian.com,Female,152.233.121.3
146,Olympe,Monte,omonte41@shop-pro.jp,Female,59.136.26.250
147,Hi,Dionisetti,hdionisetti42@usda.gov,Male,154.66.236.78
148,Rhys,Leabeater,rleabeater43@dyndns.org,Male,177.211.223.38
149,Corenda,Orry,corry44@aboutads.info,Female,118.249.102.230
150,Cassandra,Skeene,cskeene45@usnews.com,Female,141.206.238.181
151,Steffane,Sudy,ssudy46@baidu.com,Female,155.247.146.161
152,Juan,Ambrosch,jambrosch47@hostgator.com,Male,190.158.201.45
153,Dalli,Keech,dkeech48@upenn.edu,Male,132.198.111.89
154,Xerxes,Lorey,xlorey49@paginegialle.it,Male,253.139.109.220
155,Inness,Filchakov,ifilchakov4a@adobe.com,Male,214.225.52.245
156,Ted,Brosnan,tbrosnan4b@booking.com,Female,160.61.51.194
157,Celesta,House,chouse4c@youtube.com,Female,18.199.1.15
158,Gwyn,Colby,gcolby4d@cbc.ca,Female,13.214.212.131
159,Darbee,Hufton,dhufton4e@oracle.com,Male,109.247.93.228
160,Artus,Robillard,arobillard4f@forbes.com,Male,230.237.75.99
161,Kristos,Kippin,kkippin4g@surveymonkey.com,Male,9.168.251.192
162,Lemmie,Bearsmore,lbearsmore4h@sogou.com,Male,175.215.77.106
163,Francis,Waylett,fwaylett4i@free.fr,Male,21.108.94.199
164,Rochette,Sumner,rsumner4j@time.com,Female,201.96.60.100
165,Clim,Monck,cmonck4k@flavors.me,Male,211.7.206.128
166,Karee,Birdfield,kbirdfield4l@nydailynews.com,Female,14.236.168.168
167,Sara-ann,Saing,ssaing4m@netscape.com,Female,26.67.100.152
168,Ashli,Sherrard,asherrard4n@friendfeed.com,Female,218.119.253.203
169,Jsandye,Ferreira,jferreira4o@over-blog.com,Female,11.76.86.172
170,Evelin,Raftery,eraftery4p@google.cn,Male,57.157.105.72
171,Linnea,Oldcote,loldcote4q@pen.io,Female,171.137.112.139
172,Martha,Bourton,mbourton4r@github.io,Female,17.154.210.133
173,Cindi,Ells,cells4s@goodreads.com,Female,228.236.184.255
174,Guillemette,Spyby,gspyby4t@hubpages.com,Female,186.166.9.240
175,Fredric,Hughman,fhughman4u@dailymail.co.uk,Male,187.62.156.27
176,Paxton,Blampey,pblampey4v@biblegateway.com,Male,220.49.77.37
177,Dasi,Giamitti,dgiamitti4w@shinystat.com,Female,186.246.248.189
178,Nobie,Wormstone,nwormstone4x@histats.com,Male,201.192.76.55
179,William,Minico,wminico4y@elpais.com,Male,125.222.136.216
180,Harry,Guard,hguard4z@xinhuanet.com,Male,28.41.140.44
181,Tailor,Carek,tcarek50@51.la,Male,77.91.91.126
182,Ashton,Stepto,astepto51@moonfruit.com,Male,74.191.63.202
183,Puff,Sobieski,psobieski52@stumbleupon.com,Male,96.99.205.237
184,Cody,Rumble,crumble53@github.com,Male,161.73.242.45
185,Eb,Glenton,eglenton54@free.fr,Male,110.7.253.219
186,Phillis,Von Hindenburg,pvonhindenburg55@goo.gl,Female,53.26.145.111
187,Melany,Speller,mspeller56@devhub.com,Female,124.42.133.133
188,Lorie,Cornejo,lcornejo57@hud.gov,Female,125.31.182.178
189,Nani,Fanstone,nfanstone58@moonfruit.com,Female,250.170.168.213
190,Izabel,Ridoutt,iridoutt59@guardian.co.uk,Female,213.130.172.201
191,Tedda,Kennedy,tkennedy5a@gravatar.com,Female,64.196.101.156
192,Yoshi,McEneny,ymceneny5b@e-recht24.de,Female,114.55.198.207
193,Johanna,Nicklen,jnicklen5c@creativecommons.org,Female,125.214.60.200
194,Kingsley,Bewley,kbewley5d@patch.com,Male,251.100.171.139
195,Rena,Rosenbusch,rrosenbusch5e@parallels.com,Female,161.14.223.119
196,Pancho,Fant,pfant5f@telegraph.co.uk,Male,144.160.202.20
197,Maximo,Morpeth,mmorpeth5g@domainmarket.com,Male,219.95.4.195
198,Dena,Corless,dcorless5h@blogs.com,Female,17.11.206.71
199,Fred,Longfield,flongfield5i@usa.gov,Female,62.180.218.231
200,Merrie,Reames,mreames5j@amazon.co.jp,Female,146.224.111.65
201,Hulda,Fairbanks,hfairbanks5k@mysql.com,Female,237.31.17.228
202,Baxie,Hale,bhale5l@sohu.com,Male,229.56.34.80
203,Tildy,Ellins,tellins5m@bigcartel.com,Female,133.190.240.220
204,Teodora,Luciano,tluciano5n@vistaprint.com,Female,144.64.44.156
205,Adorne,Everington,aeverington5o@whitehouse.gov,Female,166.212.182.9
206,Ronda,Brewett,rbrewett5p@cbc.ca,Female,99.129.58.63
207,Vail,Linnock,vlinnock5q@phoca.cz,Male,71.48.65.155
208,Griz,Bote,gbote5r@wunderground.com,Male,56.250.97.170
209,Aleksandr,Meeron,ameeron5s@discovery.com,Male,110.76.102.111
210,Flory,Spoward,fspoward5t@mapy.cz,Female,176.138.25.211
211,Perkin,Benedidick,pbenedidick5u@google.com,Male,150.169.130.157
212,Louella,Ferrarese,lferrarese5v@yellowpages.com,Female,159.99.82.95
213,Nike,Elbourne,nelbourne5w@amazon.co.jp,Female,116.78.74.162
214,Maggie,Beavington,mbeavington5x@google.com,Female,36.8.103.63
215,Dante,Brindley,dbrindley5y@smugmug.com,Male,95.225.178.72
216,Britte,Berrecloth,bberrecloth5z@qq.com,Female,193.102.13.105
217,Lynett,Goodayle,lgoodayle60@devhub.com,Female,72.94.175.168
218,Gabrielle,Gravenell,ggravenell61@issuu.com,Female,206.133.36.32
219,Beverley,Schonfeld,bschonfeld62@si.edu,Female,40.121.48.160
220,Davie,Alban,dalban63@is.gd,Male,65.240.170.50
221,Gianni,Creane,gcreane64@time.com,Male,61.38.149.169
222,Lynn,Sterrie,lsterrie65@ustream.tv,Female,133.17.35.198
223,Reuven,Luckey,rluckey66@so-net.ne.jp,Male,252.129.14.188
224,Wolfgang,Gosforth,wgosforth67@paginegialle.it,Male,31.71.178.108
225,Gabriello,Denmead,gdenmead68@elegantthemes.com,Male,101.41.228.212
226,Bale,Gibard,bgibard69@alibaba.com,Male,223.94.200.133
227,Brigg,Vanns,bvanns6a@msn.com,Male,112.205.181.107
228,Dulcea,Whiff,dwhiff6b@topsy.com,Female,188.203.207.83
229,Earl,Couvet,ecouvet6c@xrea.com,Male,42.166.28.149
230,Richy,Woodworth,rwoodworth6d@zdnet.com,Male,10.137.193.115
231,Rosette,Nurcombe,rnurcombe6e@nbcnews.com,Female,54.127.135.112
232,Heywood,Sharrard,hsharrard6f@salon.com,Male,184.50.24.28
233,Carlen,Oleksinski,coleksinski6g@desdev.cn,Female,247.77.182.241
234,Loella,Teresa,lteresa6h@vimeo.com,Female,32.161.50.21
235,Sophia,Girdwood,sgirdwood6i@illinois.edu,Female,186.165.113.57
236,Stace,Osmund,sosmund6j@chron.com,Female,88.76.76.15
237,Zechariah,Trotton,ztrotton6k@i2i.jp,Male,50.204.218.108
238,Cyrille,Szach,cszach6l@accuweather.com,Male,18.249.81.23
239,Kermit,Aasaf,kaasaf6m@cargocollective.com,Male,150.38.67.112
240,Dell,Nezey,dnezey6n@rambler.ru,Male,210.159.135.158
241,Beilul,Tydd,btydd6o@xing.com,Female,93.230.111.5
242,Nonnah,Buffham,nbuffham6p@imageshack.us,Female,131.135.234.152
243,Scot,McPhaden,smcphaden6q@bigcartel.com,Male,229.221.30.72
244,Dillie,Fidgeon,dfidgeon6r@sfgate.com,Male,146.98.196.201
245,Corena,Gething,cgething6s@nbcnews.com,Female,220.86.173.7
246,Dru,Tabary,dtabary6t@stumbleupon.com,Female,166.124.251.242
247,Darelle,Worsfield,dworsfield6u@vistaprint.com,Female,175.183.193.143
248,Lenette,Scarsbrick,lscarsbrick6v@independent.co.uk,Female,184.132.154.191
249,Essy,Dagnan,edagnan6w@e-recht24.de,Female,38.204.207.72
250,Fanchette,Rodson,frodson6x@twitpic.com,Female,233.198.34.211
251,Rosie,Barde,rbarde6y@icq.com,Female,181.63.230.235
252,Burl,Hiskey,bhiskey6z@umich.edu,Male,240.91.83.129
253,Vaughn,Pillifant,vpillifant70@bigcartel.com,Male,243.228.26.198
254,Dennie,Humby,dhumby71@jigsy.com,Male,160.55.171.123
255,Cullie,Sexten,csexten72@state.gov,Male,171.16.23.49
256,Brantley,Viall,bviall73@csmonitor.com,Male,138.186.27.246
257,Velvet,Wordesworth,vwordesworth74@acquirethisname.com,Female,219.163.237.119
258,Fernande,Wishart,fwishart75@wikia.com,Female,19.231.71.243
259,Tito,Adrianello,tadrianello76@nasa.gov,Male,192.229.151.95
260,Agace,McDade,amcdade77@vk.com,Female,102.125.233.57
261,Allan,Tither,atither78@fda.gov,Male,51.129.56.194
262,Addie,Trelevan,atrelevan79@amazon.de,Male,10.92.27.238
263,Peg,Rissen,prissen7a@slate.com,Female,228.173.128.70
264,Nedda,Gethins,ngethins7b@blog.com,Female,38.167.160.183
265,Kaitlynn,Cokly,kcokly7c@sakura.ne.jp,Female,145.205.227.254
266,Margy,Gilders,mgilders7d@newsvine.com,Female,25.217.27.204
267,Jamal,Theobalds,jtheobalds7e@ocn.ne.jp,Male,56.196.105.38
268,Gabriela,Musker,gmusker7f@answers.com,Female,68.202.194.150
269,Neila,Schuricht,nschuricht7g@soundcloud.com,Female,128.150.37.146
270,Ollie,Driscoll,odriscoll7h@yolasite.com,Male,69.226.168.182
271,Malissa,McLagan,mmclagan7i@dot.gov,Female,244.43.13.171
272,Gusella,O'Nions,gonions7j@state.gov,Female,171.245.14.168
273,Andras,Shirland,ashirland7k@joomla.org,Male,170.86.134.120
274,Walton,Tilburn,wtilburn7l@rakuten.co.jp,Male,120.17.114.15
275,Pavel,Yellowlees,pyellowlees7m@weebly.com,Male,200.109.238.0
276,Nikolaus,Nana,nnana7n@g.co,Male,233.124.246.191
277,Sheridan,Whitman,swhitman7o@squarespace.com,Male,186.84.69.224
278,Morton,Larby,mlarby7p@odnoklassniki.ru,Male,33.211.251.176
279,Mar,Mont,mmont7q@blogs.com,Male,39.220.159.137
280,Issy,McCullum,imccullum7r@delicious.com,Female,144.217.229.182
281,Belle,Zamudio,bzamudio7s@globo.com,Female,135.153.193.213
282,Karlan,Letcher,kletcher7t@plala.or.jp,Male,96.216.209.75
283,Amerigo,McPeake,amcpeake7u@nhs.uk,Male,67.228.156.58
284,Tawnya,Fullicks,tfullicks7v@cbsnews.com,Female,61.55.3.177
285,Garek,Donhardt,gdonhardt7w@naver.com,Male,33.199.164.45
286,Ina,Foden,ifoden7x@chron.com,Female,0.94.223.250
287,Gerda,Milksop,gmilksop7y@elpais.com,Female,29.151.74.255
288,Brod,Bonass,bbonass7z@surveymonkey.com,Male,187.84.210.110
289,Raquela,Dellit,rdellit80@nps.gov,Female,176.126.72.0
290,Christy,Peiser,cpeiser81@feedburner.com,Female,33.173.15.85
291,Renard,Dyne,rdyne82@theatlantic.com,Male,55.99.236.52
292,Stewart,Garces,sgarces83@foxnews.com,Male,107.111.12.182
293,Justis,Garden,jgarden84@goo.gl,Male,182.179.106.84
294,Borden,Adamo,badamo85@spiegel.de,Male,82.171.216.231
295,Ragnar,Toulmin,rtoulmin86@xinhuanet.com,Male,98.40.225.236
296,Hermy,Goligher,hgoligher87@domainmarket.com,Male,167.208.220.123
297,Berti,Hillaby,bhillaby88@forbes.com,Male,94.150.53.155
298,Burty,Scullin,bscullin89@mail.ru,Male,80.214.163.215
299,Marna,Alldis,malldis8a@squarespace.com,Female,64.195.157.139
300,Kip,Kinnin,kkinnin8b@nyu.edu,Female,244.65.12.199
301,Andre,Fawltey,afawltey8c@bloglines.com,Male,44.28.94.31
302,Tally,Buncombe,tbuncombe8d@hexun.com,Female,75.243.85.245
303,Valera,Aspinwall,vaspinwall8e@engadget.com,Female,120.120.133.186
304,Amerigo,Utley,autley8f@ftc.gov,Male,214.229.214.33
305,Orbadiah,Freddi,ofreddi8g@archive.org,Male,223.20.222.240
306,Dallas,Canlin,dcanlin8h@dropbox.com,Female,0.218.230.113
307,Cindelyn,Lasslett,classlett8i@bbb.org,Female,91.116.169.19
308,Sterling,Draude,sdraude8j@answers.com,Male,65.94.138.153
309,Daren,Esmonde,desmonde8k@mac.com,Male,186.18.77.191
310,Lauren,Burress,lburress8l@msu.edu,Male,219.87.60.130
311,Amil,Rodrigues,arodrigues8m@upenn.edu,Female,86.246.55.97
312,Ansel,Cranmer,acranmer8n@illinois.edu,Male,185.131.105.232
313,Manuel,Sachno,msachno8o@apple.com,Male,196.155.86.25
314,Stearne,Gyenes,sgyenes8p@hugedomains.com,Male,232.142.109.175
315,Renaud,Goranov,rgoranov8q@woothemes.com,Male,54.243.150.32
316,Angelika,Palfreeman,apalfreeman8r@indiatimes.com,Female,114.232.155.137
317,Neron,Dwelley,ndwelley8s@livejournal.com,Male,36.35.144.185
318,Izaak,Ruslin,iruslin8t@nature.com,Male,191.92.210.158
319,Coralie,Covet,ccovet8u@pbs.org,Female,188.174.172.99
320,Rowen,Sands,rsands8v@clickbank.net,Male,77.129.5.100
321,Marshal,Bruckmann,mbruckmann8w@pbs.org,Male,129.212.102.156
322,Barron,Sunley,bsunley8x@smh.com.au,Male,205.107.60.136
323,Edgar,Gajewski,egajewski8y@globo.com,Male,0.244.227.123
324,Morgana,Cracknall,mcracknall8z@npr.org,Female,74.133.82.183
325,Pacorro,Quickfall,pquickfall90@t-online.de,Male,236.20.229.149
326,Paten,Dondon,pdondon91@toplist.cz,Male,51.210.36.47
327,Cull,Fleg,cfleg92@aboutads.info,Male,198.50.61.183
328,Dal,Portingale,dportingale93@weibo.com,Male,158.239.139.164
329,Electra,Trafford,etrafford94@harvard.edu,Female,239.105.91.20
330,Dyna,Bendelow,dbendelow95@chron.com,Female,3.63.234.56
331,Boris,Lyburn,blyburn96@usda.gov,Male,131.48.40.215
332,Jolie,Tarbox,jtarbox97@goo.ne.jp,Female,31.211.131.234
333,Xylia,Gentzsch,xgentzsch98@infoseek.co.jp,Female,95.109.255.183
334,Scarface,Sails,ssails99@feedburner.com,Male,100.14.228.214
335,Tod,Jira,tjira9a@youtu.be,Male,90.175.130.238
336,Ewell,Mollatt,emollatt9b@amazon.de,Male,172.141.93.117
337,Britt,Albany,balbany9c@mysql.com,Male,179.113.94.55
338,Israel,Premble,ipremble9d@census.gov,Male,150.0.34.158
339,Thaxter,Raye,traye9e@uiuc.edu,Male,147.175.74.79
340,Olly,Bransden,obransden9f@netscape.com,Male,26.122.18.137
341,Benjamen,Wichard,bwichard9g@webeden.co.uk,Male,144.216.141.60
342,Addie,Calven,acalven9h@people.com.cn,Male,197.67.227.23
343,Reinold,Byng,rbyng9i@wikipedia.org,Male,217.7.173.255
344,Philippe,Brundell,pbrundell9j@weather.com,Female,62.7.24.161
345,Pier,Bracco,pbracco9k@furl.net,Female,114.144.46.39
346,Sofia,Cona,scona9l@newyorker.com,Female,243.48.134.32
347,Kimberlyn,Eagan,keagan9m@cornell.edu,Female,19.12.124.77
348,Nari,Clampin,nclampin9n@webs.com,Female,240.234.37.17
349,Dana,Canto,dcanto9o@lycos.com,Female,190.203.138.237
350,Maribeth,Beauman,mbeauman9p@ow.ly,Female,252.108.246.73
351,Kora,McKenney,kmckenney9q@wp.com,Female,18.226.207.108
352,Sharyl,Merck,smerck9r@answers.com,Female,104.130.86.174
353,Alta,Stepney,astepney9s@geocities.jp,Female,231.107.60.67
354,Mariel,Hyams,mhyams9t@businessweek.com,Female,67.176.197.111
355,Marget,Pucker,mpucker9u@utexas.edu,Female,5.40.137.4
356,Judye,Files,jfiles9v@artisteer.com,Female,79.219.44.106
357,Donny,Gustus,dgustus9w@webmd.com,Female,2.165.41.108
358,Mavis,Hub,mhub9x@hatena.ne.jp,Female,207.240.237.246
359,Zachery,Delmonti,zdelmonti9y@example.com,Male,249.61.20.191
360,Otha,Fullalove,ofullalove9z@tripod.com,Female,26.148.37.161
361,Tabitha,Kermode,tkermodea0@nymag.com,Female,242.143.44.94
362,Archambault,Annear,aanneara1@rakuten.co.jp,Male,226.247.103.192
363,Morley,Philippon,mphilippona2@topsy.com,Male,167.118.206.13
364,Hill,Witherington,hwitheringtona3@yale.edu,Male,22.194.234.139
365,Dode,Berthomier,dberthomiera4@ning.com,Female,179.232.180.187
366,Blondell,Bassingden,bbassingdena5@prweb.com,Female,213.51.196.239
367,Edith,Allcott,eallcotta6@gnu.org,Female,173.126.250.6
368,Joellen,Lafuente,jlafuentea7@blogtalkradio.com,Female,30.90.185.220
369,Tiffi,Hartland,thartlanda8@seattletimes.com,Female,190.48.24.60
370,Jared,Hollyar,jhollyara9@bizjournals.com,Male,164.94.28.195
371,Doralyn,Denver,ddenveraa@imgur.com,Female,245.9.37.105
372,Hayyim,Giacomucci,hgiacomucciab@apache.org,Male,190.171.57.51
373,Thorstein,Marley,tmarleyac@google.pl,Male,222.165.167.131
374,Stanwood,Dymick,sdymickad@spotify.com,Male,39.199.38.153
375,Jeremy,Trevena,jtrevenaae@wired.com,Male,219.71.194.203
376,Amalle,Hunnisett,ahunnisettaf@godaddy.com,Female,59.91.238.90
377,Kincaid,Tarbath,ktarbathag@cmu.edu,Male,132.105.33.49
378,William,Dradey,wdradeyah@indiatimes.com,Male,202.138.223.96
379,Trudie,Pridham,tpridhamai@weibo.com,Female,108.9.167.60
380,Hedwiga,Reinhard,hreinhardaj@nyu.edu,Female,14.5.57.115
381,Lydon,Tort,ltortak@wisc.edu,Male,233.83.43.157
382,Jenn,Ketch,jketchal@netvibes.com,Female,90.76.26.250
383,Petronilla,De Roberto,pderobertoam@angelfire.com,Female,184.55.123.78
384,Reinaldo,Hann,rhannan@yolasite.com,Male,117.172.204.199
385,Page,Nyles,pnylesao@discuz.net,Male,158.74.131.6
386,Georgie,Siege,gsiegeap@dyndns.org,Female,118.23.80.210
387,Ginelle,Kike,gkikeaq@merriam-webster.com,Female,67.166.166.54
388,Gil,Viveash,gviveashar@webs.com,Male,119.17.249.58
389,Jakob,Madrell,jmadrellas@shareasale.com,Male,192.139.187.26
390,Laurie,Boulder,lboulderat@yandex.ru,Female,86.168.235.112
391,Juline,Cosser,jcosserau@usgs.gov,Female,8.109.8.237
392,Lothaire,Yeats,lyeatsav@elpais.com,Male,180.191.75.231
393,Lewie,Boecke,lboeckeaw@rakuten.co.jp,Male,86.87.13.6
394,Ingar,Jarrelt,ijarreltax@wikimedia.org,Male,161.76.252.19
395,Tyler,Tatnell,ttatnellay@admin.ch,Male,80.97.150.11
396,Sancho,Normansell,snormansellaz@narod.ru,Male,248.9.61.134
397,Averil,Hawford,ahawfordb0@acquirethisname.com,Male,177.254.218.186
398,Ezequiel,Hyndson,ehyndsonb1@bravesites.com,Male,174.162.2.200
399,Channa,McCook,cmccookb2@cornell.edu,Female,78.104.133.20
400,Meridel,Bode,mbodeb3@ebay.com,Female,219.57.185.206
401,Alasteir,Springer,aspringerb4@hhs.gov,Male,178.231.218.183
402,Xever,Sachno,xsachnob5@mapy.cz,Male,121.53.181.86
403,Keelia,Wombwell,kwombwellb6@mapy.cz,Female,33.147.205.121
404,Cecilius,Gadaud,cgadaudb7@gravatar.com,Male,216.187.166.122
405,Alyss,Dyter,adyterb8@wikia.com,Female,163.70.153.228
406,Marian,McGavigan,mmcgaviganb9@mediafire.com,Female,93.25.81.219
407,Galen,Chaundy,gchaundyba@github.io,Male,210.56.144.106
408,Trip,Willas,twillasbb@dion.ne.jp,Male,113.115.199.136
409,Jacob,Whitham,jwhithambc@paginegialle.it,Male,61.38.251.84
410,Georgetta,Jerratsch,gjerratschbd@statcounter.com,Female,60.72.200.177
411,Vito,Bertolaccini,vbertolaccinibe@artisteer.com,Male,109.204.254.159
412,Bennett,Fullbrook,bfullbrookbf@pen.io,Male,226.13.118.112
413,Costa,Buret,cburetbg@yellowbook.com,Male,202.245.28.11
414,Gordon,Paulillo,gpaulillobh@ebay.com,Male,96.131.204.185
415,Giulio,Mariet,gmarietbi@engadget.com,Male,124.128.248.100
416,Riannon,Polotti,rpolottibj@state.tx.us,Female,80.237.221.211
417,Mathilda,Higginbottam,mhigginbottambk@squidoo.com,Female,83.247.164.197
418,Haskell,Prynne,hprynnebl@phoca.cz,Male,73.54.91.127
419,Valery,Blaver,vblaverbm@columbia.edu,Female,246.2.176.173
420,Levon,Dukes,ldukesbn@buzzfeed.com,Male,49.62.250.244
421,Kris,Kastel,kkastelbo@photobucket.com,Female,97.231.254.43
422,Farlee,Oliveira,foliveirabp@elegantthemes.com,Male,155.74.25.23
423,Gisela,Pratton,gprattonbq@ovh.net,Female,29.206.50.218
424,Kristos,Orae,koraebr@nsw.gov.au,Male,198.253.202.232
425,Pietrek,Faas,pfaasbs@comsenz.com,Male,205.70.231.46
426,Agosto,Scade,ascadebt@newsvine.com,Male,243.238.175.162
427,Carson,Shieber,cshieberbu@zdnet.com,Male,109.23.3.195
428,Dania,Lardner,dlardnerbv@booking.com,Female,67.223.159.5
429,Eldredge,Pudan,epudanbw@blogger.com,Male,49.73.239.150
430,Karina,Dimbleby,kdimblebybx@cdbaby.com,Female,98.122.211.43
431,Ruprecht,Eisikowitch,reisikowitchby@example.com,Male,118.229.13.30
432,Druci,Pietruszka,dpietruszkabz@wired.com,Female,28.120.156.106
433,Shep,Bruyntjes,sbruyntjesc0@netlog.com,Male,175.35.184.106
434,Jo,Nutty,jnuttyc1@yahoo.com,Female,185.17.134.128
435,Bartolemo,Damerell,bdamerellc2@independent.co.uk,Male,17.217.48.19
436,Sheffie,LLelweln,sllelwelnc3@vkontakte.ru,Male,66.175.164.32
437,Cristin,Merwe,cmerwec4@techcrunch.com,Female,237.152.96.75
438,Kylen,Headey,kheadeyc5@typepad.com,Female,30.173.136.121
439,Stacy,Beak,sbeakc6@smh.com.au,Male,140.29.177.239
440,Holly,Manklow,hmanklowc7@issuu.com,Male,156.246.184.77
441,Marcia,Adds,maddsc8@walmart.com,Female,70.150.3.61
442,Jacquelynn,Fancet,jfancetc9@nsw.gov.au,Female,243.150.88.253
443,Foster,Lawn,flawnca@gnu.org,Male,161.40.181.230
444,Gilbert,Wisden,gwisdencb@deliciousdays.com,Male,31.121.163.185
445,Trula,Jannequin,tjannequincc@ask.com,Female,181.56.181.111
446,Cher,Rubinshtein,crubinshteincd@dyndns.org,Female,82.138.214.12
447,Linc,Welch,lwelchce@photobucket.com,Male,184.202.209.190
448,Ronald,Nottle,rnottlecf@woothemes.com,Male,151.54.114.138
449,Shena,Iacopetti,siacopetticg@facebook.com,Female,67.113.193.93
450,Fan,MacCrackan,fmaccrackanch@google.co.uk,Female,80.35.112.138
451,Sid,Krojn,skrojnci@wordpress.org,Male,122.96.59.128
452,Marga,Rohlfs,mrohlfscj@wunderground.com,Female,53.53.164.220
453,Giovanni,Galey,ggaleyck@privacy.gov.au,Male,152.171.229.68
454,Trenton,Merkel,tmerkelcl@chronoengine.com,Male,29.12.80.130
455,Dorotea,Solan,dsolancm@shutterfly.com,Female,196.151.115.99
456,Orsola,Labba,olabbacn@yellowbook.com,Female,170.5.175.40
457,Andrew,Hansell,ahansellco@illinois.edu,Male,244.221.94.133
458,Monique,Hilhouse,mhilhousecp@yelp.com,Female,175.62.206.75
459,Izak,Tutton,ituttoncq@gizmodo.com,Male,74.11.66.250
460,Ruby,Kern,rkerncr@discuz.net,Male,102.55.109.225
461,Corny,Tindall,ctindallcs@ed.gov,Female,121.103.212.40
462,Dur,Sleep,dsleepct@behance.net,Male,244.177.10.62
463,Lucina,Pinnell,lpinnellcu@washingtonpost.com,Female,142.18.87.127
464,Vonni,Hannabus,vhannabuscv@shop-pro.jp,Female,161.159.2.153
465,Julio,Huot,jhuotcw@creativecommons.org,Male,20.137.245.158
466,Sydel,Errol,serrolcx@elpais.com,Female,218.66.74.14
467,Weber,O'Hallihane,wohallihanecy@networksolutions.com,Male,55.221.234.2
468,Dollie,Fitzsimons,dfitzsimonscz@last.fm,Female,238.186.1.154
469,Cirillo,Fance,cfanced0@pcworld.com,Male,123.121.85.17
470,Helli,Clemendot,hclemendotd1@bloglovin.com,Female,27.95.223.115
471,Christa,Haversham,chavershamd2@oaic.gov.au,Female,102.210.204.162
472,Heddi,Brandenberg,hbrandenbergd3@yahoo.com,Female,130.112.133.159
473,Urbanus,Bunyard,ubunyardd4@pen.io,Male,167.126.13.196
474,Cecil,Prime,cprimed5@ow.ly,Female,48.67.9.172
475,Cammy,Belding,cbeldingd6@timesonline.co.uk,Male,202.204.96.124
476,Stern,Firby,sfirbyd7@ca.gov,Male,0.83.201.21
477,Dewie,Hallewell,dhallewelld8@state.gov,Male,216.225.253.158
478,Reidar,Wolstencroft,rwolstencroftd9@yahoo.com,Male,186.31.103.13
479,Nessa,Tunna,ntunnada@nymag.com,Female,133.167.98.35
480,Cassy,Ewings,cewingsdb@sina.com.cn,Female,181.37.172.50
481,Caril,Drewitt,cdrewittdc@miibeian.gov.cn,Female,252.251.1.4
482,Rickie,Waldron,rwaldrondd@epa.gov,Male,43.199.209.104
483,Annemarie,Murtimer,amurtimerde@geocities.jp,Female,231.110.29.67
484,Liam,Bartoleyn,lbartoleyndf@studiopress.com,Male,192.198.75.107
485,Vonni,Golledge,vgolledgedg@ezinearticles.com,Female,247.79.216.120
486,Davon,Fruchter,dfruchterdh@sfgate.com,Male,135.247.36.208
487,Rhea,Croasdale,rcroasdaledi@earthlink.net,Female,44.207.181.250
488,Nicholas,Chisolm,nchisolmdj@jigsy.com,Male,39.182.62.37
489,Moselle,Rolfi,mrolfidk@soup.io,Female,253.155.168.74
490,Ingrim,McSporon,imcsporondl@whitehouse.gov,Male,86.220.37.236
491,Camala,Crosskill,ccrosskilldm@abc.net.au,Female,255.0.185.103
492,Bentley,Service,bservicedn@umn.edu,Male,99.29.109.142
493,Elene,Phillpot,ephillpotdo@narod.ru,Female,166.6.139.80
494,Christye,Jinks,cjinksdp@ihg.com,Female,8.127.226.215
495,Dolf,Newark,dnewarkdq@nationalgeographic.com,Male,129.101.64.96
496,Skippie,Bowe,sbowedr@yellowpages.com,Male,175.12.12.150
497,Bo,Bonsall,bbonsallds@illinois.edu,Male,70.42.111.176
498,Merv,Douglass,mdouglassdt@networkadvertising.org,Male,232.227.124.150
499,Adrian,Braidon,abraidondu@360.cn,Male,59.140.88.99
500,Reilly,Bruhnicke,rbruhnickedv@uiuc.edu,Male,160.76.205.161
501,Augusto,Delmonti,adelmontidw@ebay.co.uk,Male,39.246.53.19
502,Laure,Greenhead,lgreenheaddx@gov.uk,Female,207.129.13.184
503,Kalvin,Chatainier,kchatainierdy@github.com,Male,159.44.19.127
504,Gregor,Rey,greydz@slideshare.net,Male,11.243.189.106
505,Nikita,Crandon,ncrandone0@zdnet.com,Male,215.234.224.84
506,Almeda,Melsom,amelsome1@soundcloud.com,Female,20.204.217.178
507,Gibby,Loder,glodere2@oakley.com,Male,16.174.2.168
508,Micki,Heminsley,mheminsleye3@fastcompany.com,Female,39.228.162.18
509,Appolonia,Janatka,ajanatkae4@apache.org,Female,132.11.71.183
510,Coleman,Leman,clemane5@weibo.com,Male,40.74.102.184
511,Norah,Sudworth,nsudworthe6@whitehouse.gov,Female,70.110.165.90
512,Blancha,Dunstone,bdunstonee7@deliciousdays.com,Female,41.138.148.201
513,Mickie,Gainforth,mgainforthe8@sphinn.com,Male,81.248.88.110
514,Ingamar,Willden,iwilldene9@mashable.com,Male,49.247.59.207
515,Preston,Postan,ppostanea@auda.org.au,Male,48.228.89.123
516,Dulcea,MacPaike,dmacpaikeeb@discovery.com,Female,148.94.177.74
517,Eleonore,Steet,esteetec@furl.net,Female,59.244.6.35
518,Arlina,Southcoat,asouthcoated@comcast.net,Female,49.17.24.232
519,Zach,Tibbles,ztibblesee@dailymotion.com,Male,230.103.81.87
520,Dannye,Dory,ddoryef@statcounter.com,Female,77.148.89.240
521,Andros,Throssell,athrosselleg@ask.com,Male,184.153.71.44
522,Estella,McGiffin,emcgiffineh@tinyurl.com,Female,135.166.205.172
523,Aurore,Hrynczyk,ahrynczykei@pcworld.com,Female,176.146.74.122
524,Meir,Fetters,mfettersej@wikimedia.org,Male,130.62.199.126
525,Tanny,Kiefer,tkieferek@facebook.com,Male,104.23.34.159
526,Braden,Gleeson,bgleesonel@google.com.hk,Male,88.83.208.195
527,Britt,Whitten,bwhittenem@t.co,Male,121.103.219.197
528,Godfree,Espasa,gespasaen@tripadvisor.com,Male,75.161.167.225
529,Bridget,Cappleman,bcapplemaneo@cmu.edu,Female,68.250.18.21
530,Fidelia,Wollaston,fwollastonep@constantcontact.com,Female,181.233.21.207
531,Gran,Fritzer,gfritzereq@dot.gov,Male,31.198.111.87
532,Angelika,Castell,acasteller@reference.com,Female,136.206.225.57
533,Ambrosio,Auty,aautyes@multiply.com,Male,134.62.190.61
534,Baldwin,Dowsey,bdowseyet@multiply.com,Male,21.78.82.53
535,Selinda,Symones,ssymoneseu@so-net.ne.jp,Female,57.7.123.20
536,Elbertina,Batthew,ebatthewev@typepad.com,Female,174.0.186.86
537,Sol,Larkins,slarkinsew@rakuten.co.jp,Male,125.231.3.70
538,Boote,Tansey,btanseyex@wiley.com,Male,162.255.88.211
539,Roldan,Iwanicki,riwanickiey@state.tx.us,Male,185.62.55.227
540,Bucky,Kittle,bkittleez@com.com,Male,96.6.49.155
541,Obed,Hodgins,ohodginsf0@si.edu,Male,244.132.53.188
542,Miguelita,Fenelon,mfenelonf1@amazonaws.com,Female,198.182.106.237
543,Kyle,Geockle,kgeocklef2@baidu.com,Male,105.246.8.115
544,Karmen,Isaaksohn,kisaaksohnf3@virginia.edu,Female,188.77.104.100
545,Christal,Adnet,cadnetf4@va.gov,Female,205.177.152.50
546,Garreth,Aubray,gaubrayf5@state.tx.us,Male,100.223.83.248
547,Jenine,Branscombe,jbranscombef6@acquirethisname.com,Female,114.218.149.96
548,Kliment,James,kjamesf7@auda.org.au,Male,109.128.133.108
549,Isaak,Courage,icouragef8@prweb.com,Male,33.167.221.141
550,Kahaleel,Zupo,kzupof9@thetimes.co.uk,Male,49.80.66.238
551,Eartha,Gillio,egilliofa@icio.us,Female,218.168.107.204
552,Drucie,Frowing,dfrowingfb@shareasale.com,Female,29.6.153.117
553,Nealson,Bruyet,nbruyetfc@jalbum.net,Male,208.46.34.102
554,Humfried,Ledekker,hledekkerfd@geocities.jp,Male,4.123.104.213
555,Dottie,Van den Hof,dvandenhoffe@google.com.hk,Female,246.247.27.119
556,Gibb,Jeannesson,gjeannessonff@mashable.com,Male,188.226.42.62
557,Yuma,Richin,yrichinfg@exblog.jp,Male,109.41.112.57
558,Emylee,Lehr,elehrfh@delicious.com,Female,50.62.133.181
559,Derward,Borit,dboritfi@nationalgeographic.com,Male,154.108.114.132
560,Reg,Beynke,rbeynkefj@cnbc.com,Male,25.204.238.165
561,Saleem,Cassedy,scassedyfk@yandex.ru,Male,46.60.85.231
562,Valina,Ivy,vivyfl@webnode.com,Female,134.177.76.146
563,Terrill,Wickwar,twickwarfm@dailymail.co.uk,Male,141.41.103.36
564,Licha,Hellwig,lhellwigfn@ow.ly,Female,119.188.129.119
565,Remy,Caghan,rcaghanfo@dion.ne.jp,Female,25.145.55.88
566,Lannie,Quantrill,lquantrillfp@ucoz.com,Male,199.17.173.176
567,Darrick,Dybell,ddybellfq@marketwatch.com,Male,64.140.35.153
568,Cindee,Hockey,chockeyfr@springer.com,Female,49.41.26.76
569,Alric,Glazier,aglazierfs@vkontakte.ru,Male,207.111.76.248
570,Albert,Hardbattle,ahardbattleft@altervista.org,Male,209.188.132.5
571,Gunilla,Woollcott,gwoollcottfu@apple.com,Female,207.55.96.131
572,Rowland,Patridge,rpatridgefv@dropbox.com,Male,15.29.111.50
573,Adriena,Bousler,abouslerfw@nhs.uk,Female,145.57.99.220
574,Modestia,Cranson,mcransonfx@economist.com,Female,246.27.49.247
575,Melisandra,Tomisch,mtomischfy@newyorker.com,Female,143.203.21.199
576,Shelly,Tesoe,stesoefz@paginegialle.it,Female,233.109.36.129
577,Marya,Fear,mfearg0@mayoclinic.com,Female,90.57.164.241
578,Karee,Clayborn,kclayborng1@squidoo.com,Female,79.214.226.127
579,Myles,Eat,meatg2@csmonitor.com,Male,42.212.204.244
580,Martha,McMenemy,mmcmenemyg3@github.io,Female,23.48.251.37
581,Talbot,Gopsell,tgopsellg4@telegraph.co.uk,Male,113.214.145.127
582,Torrance,Medlin,tmedling5@instagram.com,Male,20.92.25.255
583,Hana,Ateggart,hateggartg6@ebay.com,Female,70.209.158.152
584,Noella,De Coursey,ndecourseyg7@technorati.com,Female,43.116.250.129
585,Saraann,Dechelle,sdechelleg8@youku.com,Female,211.193.220.74
586,Jeanna,Tombleson,jtomblesong9@wisc.edu,Female,160.163.191.211
587,Courtney,Enderwick,cenderwickga@elpais.com,Male,21.98.27.246
588,Mayer,Crann,mcranngb@sina.com.cn,Male,26.133.251.99
589,Misti,Everson,meversongc@tinypic.com,Female,137.140.192.251
590,Reginauld,Dikes,rdikesgd@blogs.com,Male,164.138.35.90
591,Myrvyn,Ector,mectorge@tinypic.com,Male,255.81.86.93
592,Ignatius,Buckthought,ibuckthoughtgf@altervista.org,Male,124.103.71.206
593,Vin,Fernao,vfernaogg@i2i.jp,Male,158.85.190.195
594,Ashlen,Erickssen,aerickssengh@huffingtonpost.com,Female,103.172.168.223
595,Gates,Franciskiewicz,gfranciskiewiczgi@dot.gov,Female,219.217.182.68
596,Ashbey,Carlin,acarlingj@hud.gov,Male,60.168.148.158
597,Lita,Goldsberry,lgoldsberrygk@marriott.com,Female,106.135.181.70
598,Vi,Garlinge,vgarlingegl@nhs.uk,Female,236.118.142.103
599,Wheeler,Hanssmann,whanssmanngm@instagram.com,Male,30.141.123.28
600,Leshia,Savile,lsavilegn@discovery.com,Female,213.66.220.14
601,Hewie,Garfirth,hgarfirthgo@yellowpages.com,Male,31.116.219.175
602,Gaylene,Phippin,gphippingp@pcworld.com,Female,201.33.39.73
603,Amandi,Mainson,amainsongq@businessinsider.com,Female,82.93.220.104
604,Delcine,Willbond,dwillbondgr@unesco.org,Female,196.171.156.255
605,Redd,Anstiss,ranstissgs@ow.ly,Male,68.194.235.254
606,Dredi,MacGahey,dmacgaheygt@unesco.org,Female,113.118.64.138
607,Bree,Fayer,bfayergu@amazon.co.jp,Female,68.126.137.144
608,Yvon,Calf,ycalfgv@usa.gov,Male,150.91.80.118
609,Daisi,McVitie,dmcvitiegw@elegantthemes.com,Female,95.126.159.145
610,Donny,Della Scala,ddellascalagx@smh.com.au,Female,59.186.137.107
611,Drew,Wasbrough,dwasbroughgy@1688.com,Male,186.79.76.168
612,Grenville,Kyneton,gkynetongz@slideshare.net,Male,36.142.249.158
613,Nikolai,Loble,nlobleh0@free.fr,Male,234.239.147.191
614,Paula,Schuler,pschulerh1@cdc.gov,Female,209.238.213.244
615,Hurlee,De Ath,hdeathh2@instagram.com,Male,103.209.176.110
616,Consuela,Mille,cmilleh3@about.com,Female,231.205.155.123
617,Elliot,Labroue,elabroueh4@nasa.gov,Male,125.177.103.90
618,Eilis,Corah,ecorahh5@salon.com,Female,227.76.19.55
619,Melisandra,Balaisot,mbalaisoth6@marketwatch.com,Female,123.170.61.32
620,Brenna,Heningam,bheningamh7@addtoany.com,Female,46.76.126.198
621,Leila,Ciementini,lciementinih8@slideshare.net,Female,17.161.201.183
622,Gard,Schooling,gschoolingh9@businesswire.com,Male,51.243.168.104
623,Alvina,Bentham,abenthamha@newsvine.com,Female,236.240.5.221
624,Nollie,Van Dale,nvandalehb@loc.gov,Female,247.40.252.99
625,Mortimer,Blunt,mblunthc@ucoz.ru,Male,62.213.28.200
626,Correna,Kennion,ckennionhd@weibo.com,Female,252.71.49.13
627,Muhammad,O'Dowgaine,modowgainehe@amazon.co.jp,Male,164.117.205.55
628,Damara,Kendred,dkendredhf@omniture.com,Female,56.152.130.242
629,Ivan,Pasek,ipasekhg@t.co,Male,238.148.157.156
630,Yanaton,Lewens,ylewenshh@com.com,Male,245.101.72.187
631,Inge,Straneo,istraneohi@ebay.com,Female,113.137.95.46
632,Viviyan,Sealy,vsealyhj@altervista.org,Female,154.114.0.181
633,Rois,Slucock,rslucockhk@dmoz.org,Female,184.53.245.129
634,Stephannie,Hitscher,shitscherhl@amazon.com,Female,209.107.147.46
635,Sansone,Sterre,ssterrehm@xing.com,Male,116.160.35.206
636,Caterina,Keuning,ckeuninghn@wired.com,Female,205.147.6.169
637,Vail,Stoneman,vstonemanho@whitehouse.gov,Male,29.176.146.225
638,Merlina,Woodfin,mwoodfinhp@google.pl,Female,134.31.236.16
639,Averill,Casellas,acasellashq@ihg.com,Male,253.7.55.63
640,Rasia,Mesias,rmesiashr@networkadvertising.org,Female,68.11.44.194
641,Lyman,Flood,lfloodhs@technorati.com,Male,160.252.101.199
642,Kara,Dienes,kdienesht@sogou.com,Female,88.33.224.18
643,Vaclav,Scallan,vscallanhu@examiner.com,Male,103.186.124.192
644,Butch,Texton,btextonhv@google.nl,Male,17.248.206.115
645,Sasha,Shirley,sshirleyhw@multiply.com,Male,50.86.80.112
646,Lottie,Barfoot,lbarfoothx@privacy.gov.au,Female,216.201.182.239
647,Nonie,Vinecombe,nvinecombehy@wordpress.com,Female,193.228.9.190
648,Tedra,Hollingshead,thollingsheadhz@alibaba.com,Female,5.209.185.98
649,Maximilianus,Kilgannon,mkilgannoni0@a8.net,Male,231.41.164.24
650,Miquela,Bristoe,mbristoei1@discovery.com,Female,50.125.113.71
651,Puff,Dranfield,pdranfieldi2@naver.com,Male,151.90.10.5
652,Annice,Djurisic,adjurisici3@ifeng.com,Female,165.225.241.3
653,Patton,Deluce,pdelucei4@networkadvertising.org,Male,201.28.21.60
654,Carl,Vine,cvinei5@networkadvertising.org,Male,232.2.94.44
655,Velvet,Guare,vguarei6@salon.com,Female,147.159.123.210
656,Rois,Varney,rvarneyi7@imageshack.us,Female,251.227.87.38
657,Duffy,O'Loughnan,doloughnani8@cbslocal.com,Male,7.33.171.101
658,Adrien,Fronczak,afronczaki9@buzzfeed.com,Male,8.201.108.1
659,Madelon,Edis,medisia@addtoany.com,Female,184.83.3.109
660,Jeanelle,Slopier,jslopierib@chron.com,Female,181.136.182.111
661,Heath,Jinkins,hjinkinsic@is.gd,Male,184.165.56.63
662,Stephannie,Jedrzejczyk,sjedrzejczykid@istockphoto.com,Female,149.121.50.58
663,Harlen,Swin,hswinie@issuu.com,Male,67.107.222.250
664,Doris,Meachem,dmeachemif@elpais.com,Female,212.231.231.84
665,Byrom,Shapera,bshaperaig@usa.gov,Male,241.137.230.209
666,Eberhard,Pardal,epardalih@pinterest.com,Male,109.66.211.128
667,Hillier,MacAdie,hmacadieii@sakura.ne.jp,Male,29.139.239.164
668,Alfy,Shotton,ashottonij@spotify.com,Male,179.133.3.249
669,Kala,Emanueli,kemanueliik@blog.com,Female,158.240.32.6
670,Bibi,McHarry,bmcharryil@dagondesign.com,Female,151.93.226.20
671,Tirrell,Slayny,tslaynyim@typepad.com,Male,106.194.164.83
672,Maryann,Cuffley,mcuffleyin@unc.edu,Female,15.103.109.195
673,Daffy,Dei,ddeiio@addthis.com,Female,10.61.29.124
674,Cody,Mudd,cmuddip@over-blog.com,Female,71.65.98.79
675,Lucky,Cron,lcroniq@imgur.com,Female,43.54.159.20
676,Meryl,Skelcher,mskelcherir@qq.com,Male,67.198.195.163
677,Giulietta,Alebrooke,galebrookeis@un.org,Female,3.114.17.193
678,Norry,Rodder,nrodderit@over-blog.com,Male,9.228.169.216
679,Tally,Normabell,tnormabelliu@wp.com,Male,46.102.254.220
680,Brittan,Pollock,bpollockiv@cnn.com,Female,221.163.193.66
681,Lucian,Scrowton,lscrowtoniw@mapy.cz,Male,136.121.240.189
682,Micky,Hesbrook,mhesbrookix@huffingtonpost.com,Male,225.0.200.195
683,Mackenzie,Davidai,mdavidaiiy@cbsnews.com,Male,181.5.68.139
684,Gerta,McGiffie,gmcgiffieiz@infoseek.co.jp,Female,60.43.109.48
685,Powell,Belfelt,pbelfeltj0@xrea.com,Male,111.114.215.2
686,Glyn,Della Scala,gdellascalaj1@vk.com,Male,3.81.28.48
687,Tammy,Huggan,thugganj2@businessweek.com,Male,250.82.210.8
688,Polly,Van der Linde,pvanderlindej3@businessinsider.com,Female,86.165.94.4
689,Ange,Liles,alilesj4@simplemachines.org,Female,228.120.178.49
690,Clem,Hatwells,chatwellsj5@bluehost.com,Male,177.247.252.199
691,Kenyon,Rumble,krumblej6@goodreads.com,Male,59.232.207.198
692,Chucho,Deddum,cdeddumj7@foxnews.com,Male,159.232.55.156
693,Saul,Bannell,sbannellj8@umn.edu,Male,192.250.203.92
694,Gothart,Freyn,gfreynj9@hhs.gov,Male,11.175.3.239
695,Elnora,Christophersen,echristophersenja@yandex.ru,Female,24.36.216.54
696,Huey,Benns,hbennsjb@hibu.com,Male,112.137.220.210
697,Kaiser,Allberry,kallberryjc@myspace.com,Male,238.232.72.249
698,Latrena,Brettor,lbrettorjd@newyorker.com,Female,73.179.173.19
699,Carley,Godbolt,cgodboltje@bigcartel.com,Female,192.190.3.221
700,Bathsheba,Lewsam,blewsamjf@abc.net.au,Female,124.159.92.50
701,Pall,Corter,pcorterjg@arizona.edu,Male,73.152.111.151
702,Astra,Lampet,alampetjh@cmu.edu,Female,78.174.161.126
703,Marmaduke,Hollow,mhollowji@fotki.com,Male,216.207.224.114
704,Thebault,Bart,tbartjj@webeden.co.uk,Male,185.160.101.134
705,Neddie,Dennis,ndennisjk@ted.com,Male,78.175.22.24
706,Goldarina,Tassel,gtasseljl@etsy.com,Female,91.195.203.225
707,Vivyanne,Struttman,vstruttmanjm@engadget.com,Female,51.204.7.14
708,Andrey,Wroth,awrothjn@ow.ly,Male,6.50.64.3
709,Kathie,Kynton,kkyntonjo@latimes.com,Female,33.211.22.86
710,Inger,De Bischop,idebischopjp@feedburner.com,Male,103.3.110.63
711,Pattie,Zuanazzi,pzuanazzijq@t.co,Male,222.79.214.229
712,Casar,Bywaters,cbywatersjr@diigo.com,Male,173.94.168.207
713,Elisabet,Scatcher,escatcherjs@friendfeed.com,Female,158.24.112.109
714,Olimpia,Dowsing,odowsingjt@un.org,Female,149.226.4.229
715,Devin,Muffitt,dmuffittju@csmonitor.com,Male,1.82.48.199
716,Sean,Gundrey,sgundreyjv@com.com,Male,232.77.160.56
717,Trefor,Sotheron,tsotheronjw@a8.net,Male,148.201.168.210
718,Henrie,Blaze,hblazejx@pen.io,Female,151.96.86.25
719,Clair,Shotton,cshottonjy@latimes.com,Male,48.4.131.202
720,Des,Howels,dhowelsjz@irs.gov,Male,170.98.30.227
721,Daloris,Pimlott,dpimlottk0@virginia.edu,Female,93.117.139.132
722,Tan,Schubert,tschubertk1@jalbum.net,Male,27.238.174.175
723,Krisha,Trencher,ktrencherk2@msn.com,Male,220.70.40.228
724,Ardisj,Fulbrook,afulbrookk3@newyorker.com,Female,173.196.50.139
725,Sherlock,Ragsdale,sragsdalek4@about.me,Male,227.174.245.251
726,Rosina,Wong,rwongk5@house.gov,Female,30.219.223.3
727,Nadia,Roath,nroathk6@discuz.net,Female,131.18.212.173
728,Felizio,Ferro,fferrok7@cpanel.net,Male,109.251.1.139
729,Tammy,Alman,talmank8@tamu.edu,Male,149.88.247.248
730,Marsh,Maywood,mmaywoodk9@sakura.ne.jp,Male,141.34.109.98
731,Melvyn,Sea,mseaka@tuttocitta.it,Male,0.173.233.198
732,Ronica,Pellington,rpellingtonkb@fc2.com,Female,62.137.193.96
733,Louie,Bakewell,lbakewellkc@businessweek.com,Male,96.244.157.30
734,Birk,Dubble,bdubblekd@amazon.com,Male,56.148.59.93
735,Sly,Bontoft,sbontoftke@omniture.com,Male,68.109.6.55
736,Nanon,Cogley,ncogleykf@gov.uk,Female,133.61.58.255
737,Tabina,Chimenti,tchimentikg@techcrunch.com,Female,211.127.206.80
738,Amelita,Trousdale,atrousdalekh@who.int,Female,198.105.76.148
739,Charla,Littleproud,clittleproudki@ucsd.edu,Female,33.99.183.118
740,Emmalee,Castagnet,ecastagnetkj@ustream.tv,Female,148.170.228.234
741,Nancy,Thurlbeck,nthurlbeckkk@hubpages.com,Female,57.240.184.187
742,Giffard,Goldhill,ggoldhillkl@wired.com,Male,34.240.48.247
743,Faye,Hachette,fhachettekm@istockphoto.com,Female,17.154.227.125
744,Cammy,Gershom,cgershomkn@mayoclinic.com,Female,24.7.220.69
745,Livvyy,Elmore,lelmoreko@cornell.edu,Female,236.66.226.240
746,Orrin,Mickleborough,omickleboroughkp@ehow.com,Male,128.36.57.182
747,Jo-ann,Adamson,jadamsonkq@biglobe.ne.jp,Female,249.77.126.144
748,Debby,Pentycost,dpentycostkr@paginegialle.it,Female,232.96.150.253
749,Ursulina,Tallquist,utallquistks@wsj.com,Female,163.167.23.160
750,Marice,Orrom,morromkt@cpanel.net,Female,201.163.63.202
751,Arty,Gooddy,agooddyku@pcworld.com,Male,238.143.27.90
752,Gasper,Birkenhead,gbirkenheadkv@so-net.ne.jp,Male,203.6.233.127
753,Roi,Farfoot,rfarfootkw@ucoz.com,Male,179.193.33.215
754,Mic,Samter,msamterkx@usda.gov,Male,52.139.131.184
755,Vevay,Durbridge,vdurbridgeky@berkeley.edu,Female,218.167.110.136
756,Vince,Sibbald,vsibbaldkz@nydailynews.com,Male,168.165.71.63
757,Gonzalo,Gartshore,ggartshorel0@home.pl,Male,210.67.221.236
758,Tanya,Absolom,tabsoloml1@businessinsider.com,Female,243.234.200.82
759,Emili,Slany,eslanyl2@bbc.co.uk,Female,57.114.156.8
760,Saudra,Gerant,sgerantl3@newsvine.com,Female,75.179.140.249
761,Aimee,Doyle,adoylel4@foxnews.com,Female,233.222.114.220
762,Allene,Hanselman,ahanselmanl5@patch.com,Female,165.9.46.99
763,Daryn,Judson,djudsonl6@reuters.com,Female,136.172.119.33
764,Briana,Hawley,bhawleyl7@twitter.com,Female,74.2.216.27
765,Spence,Stollmeyer,sstollmeyerl8@hugedomains.com,Male,68.6.110.77
766,Andrey,Issakov,aissakovl9@blogtalkradio.com,Male,246.115.246.221
767,Gan,Dorgan,gdorganla@tamu.edu,Male,154.248.195.209
768,Dennison,McEwen,dmcewenlb@ftc.gov,Male,246.170.140.162
769,Berkie,Vallow,bvallowlc@exblog.jp,Male,59.35.88.203
770,Josiah,Van de Castele,jvandecasteleld@paypal.com,Male,10.120.62.44
771,Aubry,Brellin,abrellinle@noaa.gov,Female,44.209.179.76
772,Zacharias,Hiddersley,zhiddersleylf@cargocollective.com,Male,82.164.188.185
773,Royce,Treasure,rtreasurelg@weibo.com,Male,108.53.2.133
774,Brose,Hucker,bhuckerlh@spiegel.de,Male,190.141.212.2
775,Norman,Laurenceau,nlaurenceauli@reverbnation.com,Male,182.254.190.32
776,Neil,Bateman,nbatemanlj@barnesandnoble.com,Male,186.93.45.104
777,Madeline,Lanon,mlanonlk@nba.com,Female,228.178.203.10
778,Con,Blasio,cblasioll@networkadvertising.org,Female,108.147.254.135
779,Abbot,Empringham,aempringhamlm@goo.ne.jp,Male,32.54.159.156
780,Arvie,Paunsford,apaunsfordln@com.com,Male,189.41.245.199
781,Olav,Marrion,omarrionlo@marriott.com,Male,139.105.165.91
782,Nannie,Sarvar,nsarvarlp@blogs.com,Female,54.22.74.139
783,Rabbi,O'Corr,rocorrlq@github.io,Male,68.119.176.67
784,Catharina,Sive,csivelr@unblog.fr,Female,220.211.249.22
785,Florenza,Kendred,fkendredls@phoca.cz,Female,55.235.21.106
786,Benoite,Weekly,bweeklylt@icio.us,Female,25.209.77.159
787,Auguste,Tiron,atironlu@scientificamerican.com,Female,249.217.46.15
788,Westley,Gaveltone,wgaveltonelv@blog.com,Male,185.122.79.35
789,Derrek,Paxton,dpaxtonlw@soup.io,Male,223.214.110.167
790,Karla,Garmon,kgarmonlx@vinaora.com,Female,246.246.228.31
791,Bay,Fluger,bflugerly@nifty.com,Male,18.81.242.118
792,Chic,Schade,cschadelz@blogspot.com,Male,12.42.210.40
793,Emlyn,Ruddell,eruddellm0@ameblo.jp,Male,240.114.68.246
794,Cello,Kington,ckingtonm1@bloomberg.com,Male,112.117.129.156
795,Silvain,Gallanders,sgallandersm2@squarespace.com,Male,126.8.252.17
796,Laurella,Gillespie,lgillespiem3@youku.com,Female,156.23.134.24
797,Zola,Semaine,zsemainem4@csmonitor.com,Female,206.189.117.56
798,Aguistin,Harvett,aharvettm5@sakura.ne.jp,Male,125.108.205.246
799,Zorina,Bronot,zbronotm6@adobe.com,Female,182.190.84.150
800,Marcia,Branwhite,mbranwhitem7@fc2.com,Female,195.156.1.66
801,Glen,Muriel,gmurielm8@google.cn,Male,148.176.232.91
802,Raff,Kerner,rkernerm9@earthlink.net,Male,146.96.219.155
803,Stearne,Bonsul,sbonsulma@google.pl,Male,137.29.195.46
804,Clementia,Pedley,cpedleymb@house.gov,Female,96.191.39.232
805,Dorthy,Brotheridge,dbrotheridgemc@ed.gov,Female,116.187.27.223
806,Florette,Beebee,fbeebeemd@themeforest.net,Female,93.111.192.203
807,Orlando,Aliberti,oalibertime@earthlink.net,Male,53.3.203.38
808,Nerti,Shulem,nshulemmf@stanford.edu,Female,37.140.205.68
809,Oren,Pedlingham,opedlinghammg@jalbum.net,Male,84.176.135.205
810,Dallon,Catherall,dcatherallmh@barnesandnoble.com,Male,198.76.92.185
811,Teddie,Fellis,tfellismi@amazon.com,Female,116.186.135.79
812,Frederick,Stenhouse,fstenhousemj@typepad.com,Male,121.0.10.152
813,Andriette,Wade,awademk@dell.com,Female,62.50.43.193
814,Anson,Prodrick,aprodrickml@last.fm,Male,106.7.120.141
815,Fred,Belison,fbelisonmm@forbes.com,Female,1.53.10.27
816,Shurwood,Grigs,sgrigsmn@usa.gov,Male,115.123.23.19
817,Bengt,Curryer,bcurryermo@unblog.fr,Male,245.166.56.202
818,Sibby,Fessler,sfesslermp@epa.gov,Female,211.205.79.209
819,Chauncey,Curl,ccurlmq@dailymotion.com,Male,3.34.168.33
820,De,Willetts,dwillettsmr@home.pl,Female,78.174.123.71
821,Asa,Soeiro,asoeiroms@bizjournals.com,Male,253.130.132.100
822,Ailene,Adel,aadelmt@indiegogo.com,Female,221.236.234.119
823,Wallis,Kislingbury,wkislingburymu@mozilla.com,Male,188.4.216.223
824,Ariela,Woolsey,awoolseymv@google.com.au,Female,180.24.202.111
825,Cecilius,Huleatt,chuleattmw@merriam-webster.com,Male,116.225.89.181
826,Jacinta,Fynn,jfynnmx@discovery.com,Female,218.133.74.158
827,Noak,Kirckman,nkirckmanmy@yelp.com,Male,208.196.78.158
828,Nickie,Sumpner,nsumpnermz@newyorker.com,Male,216.89.2.212
829,Delly,Lody,dlodyn0@google.it,Female,5.95.106.101
830,Conn,Cramp,ccrampn1@myspace.com,Male,202.23.204.219
831,Madelin,Board,mboardn2@facebook.com,Female,248.101.5.192
832,Lorrin,Brown,lbrownn3@mozilla.org,Female,143.33.87.222
833,Idelle,Budget,ibudgetn4@nps.gov,Female,162.193.188.121
834,Lockwood,Dumphrey,ldumphreyn5@marriott.com,Male,143.0.74.194
835,Phaidra,Chisolm,pchisolmn6@opensource.org,Female,78.79.197.21
836,Cornie,Manvelle,cmanvellen7@woothemes.com,Male,39.124.123.247
837,Mackenzie,Rosenberger,mrosenbergern8@marketwatch.com,Male,181.75.84.138
838,Bucky,Ambler,bamblern9@canalblog.com,Male,75.139.60.47
839,Hatty,Maggiore,hmaggiorena@si.edu,Female,61.168.118.244
840,Sebastien,Cunnington,scunningtonnb@surveymonkey.com,Male,194.229.31.82
841,Gates,Skin,gskinnc@fastcompany.com,Female,67.168.7.173
842,Cari,Brushfield,cbrushfieldnd@topsy.com,Female,3.87.83.169
843,Rhianna,Gerardeaux,rgerardeauxne@about.me,Female,10.119.3.37
844,Lara,Speeding,lspeedingnf@state.gov,Female,45.103.6.192
845,Willie,Lawee,wlaweeng@jiathis.com,Male,153.247.253.184
846,Deidre,Bravington,dbravingtonnh@slate.com,Female,21.56.34.115
847,Delbert,Lafayette,dlafayetteni@github.com,Male,108.242.166.93
848,Elisabetta,Meaking,emeakingnj@buzzfeed.com,Female,75.118.161.226
849,Helli,Ghelerdini,hghelerdinink@washingtonpost.com,Female,201.186.205.91
850,Mick,Preddy,mpreddynl@cisco.com,Male,164.212.173.219
851,Vito,McConnell,vmcconnellnm@phoca.cz,Male,104.231.170.79
852,Maure,Tartt,mtarttnn@fda.gov,Female,16.130.136.64
853,Abel,Kehir,akehirno@odnoklassniki.ru,Male,240.144.105.135
854,Herc,Buddell,hbuddellnp@irs.gov,Male,239.5.142.160
855,Alec,Endecott,aendecottnq@ed.gov,Male,145.242.79.159
856,Duky,Stanesby,dstanesbynr@cnn.com,Male,157.149.112.165
857,Robinette,Pinniger,rpinnigerns@ucoz.ru,Female,99.152.130.171
858,Elfie,Hopkyns,ehopkynsnt@istockphoto.com,Female,235.192.147.12
859,Jenni,Hawken,jhawkennu@sina.com.cn,Female,6.212.195.109
860,Frieda,Lias,fliasnv@latimes.com,Female,176.12.24.167
861,Annabelle,Fattorini,afattorininw@twitpic.com,Female,29.85.57.222
862,Hieronymus,Flear,hflearnx@gizmodo.com,Male,9.212.163.182
863,Rad,Frise,rfriseny@wunderground.com,Male,16.252.246.18
864,Dene,Menhci,dmenhcinz@engadget.com,Male,201.11.222.122
865,Adelaida,Clutton,acluttono0@bbc.co.uk,Female,13.144.132.116
866,Kara,Downes,kdowneso1@g.co,Female,182.226.52.42
867,Coretta,Wilbore,cwilboreo2@msu.edu,Female,140.182.145.94
868,Sammy,Sabben,ssabbeno3@arizona.edu,Female,185.114.208.67
869,Matthaeus,Burles,mburleso4@jigsy.com,Male,193.226.207.219
870,Georgette,Tarzey,gtarzeyo5@businesswire.com,Female,84.88.127.76
871,Avictor,Halleybone,ahalleyboneo6@gravatar.com,Male,218.102.5.73
872,Reta,Sokale,rsokaleo7@google.co.uk,Female,131.87.20.230
873,Ted,Greger,tgregero8@alexa.com,Male,108.3.244.101
874,Merilyn,Pistol,mpistolo9@va.gov,Female,26.43.215.135
875,Cammi,Sneden,csnedenoa@youtu.be,Female,14.239.58.7
876,Laurel,Stanney,lstanneyob@mtv.com,Female,60.167.43.224
877,Betti,Ginnell,bginnelloc@digg.com,Female,126.50.63.121
878,Liana,Landal,llandalod@creativecommons.org,Female,12.110.36.13
879,Larine,Barus,lbarusoe@ebay.co.uk,Female,122.168.110.119
880,Carling,Flucker,cfluckerof@redcross.org,Male,27.203.13.76
881,Shea,Sommerland,ssommerlandog@ucla.edu,Male,218.118.144.17
882,Eleanora,Burdus,eburdusoh@networksolutions.com,Female,14.51.201.122
883,Tristan,Cowing,tcowingoi@sciencedaily.com,Male,158.103.190.61
884,Row,Botfield,rbotfieldoj@tripadvisor.com,Female,141.151.229.198
885,Herold,Ellesworth,hellesworthok@yellowbook.com,Male,87.165.116.200
886,Kyrstin,Giraux,kgirauxol@taobao.com,Female,19.200.50.13
887,Sallyanne,Turvie,sturvieom@cloudflare.com,Female,204.219.217.40
888,Francene,Camosso,fcamossoon@marketwatch.com,Female,59.77.39.19
889,Westbrooke,Fann,wfannoo@discuz.net,Male,27.53.81.237
890,Vergil,Wenn,vwennop@51.la,Male,191.151.27.238
891,Marrilee,Kalb,mkalboq@webs.com,Female,171.126.56.255
892,Rasia,Senecaux,rsenecauxor@nymag.com,Female,92.230.70.194
893,Joanne,Strudwick,jstrudwickos@free.fr,Female,187.6.172.218
894,Violette,Sharvell,vsharvellot@wiley.com,Female,246.241.219.104
895,Ashely,Thornally,athornallyou@mashable.com,Female,162.65.39.243
896,Ronny,O'Driscoll,rodriscollov@nps.gov,Male,207.197.247.31
897,Gustav,Andor,gandorow@cargocollective.com,Male,45.115.237.27
898,Fancy,Stiggles,fstigglesox@hubpages.com,Female,201.146.85.89
899,Natal,Hamblyn,nhamblynoy@opensource.org,Male,76.164.199.158
900,Harv,Mayoh,hmayohoz@kickstarter.com,Male,165.39.153.15
901,Jackquelin,Lowthian,jlowthianp0@ovh.net,Female,222.169.225.102
902,Consuelo,Rubberts,crubbertsp1@vk.com,Female,23.212.255.103
903,Gayla,Binne,gbinnep2@taobao.com,Female,212.12.140.41
904,Renee,Bampton,rbamptonp3@statcounter.com,Female,166.142.8.250
905,Felike,Fitzsimons,ffitzsimonsp4@thetimes.co.uk,Male,104.32.175.243
906,Ram,Ludwikiewicz,rludwikiewiczp5@g.co,Male,156.63.129.238
907,Stillmann,Metzig,smetzigp6@shinystat.com,Male,68.156.53.87
908,Nessi,Euler,neulerp7@arstechnica.com,Female,220.110.70.155
909,Gerik,Weiner,gweinerp8@va.gov,Male,234.60.84.71
910,Ashbey,Roff,aroffp9@ucla.edu,Male,18.24.18.245
911,Sam,Catlette,scatlettepa@plala.or.jp,Male,6.22.185.137
912,Jojo,Nulty,jnultypb@statcounter.com,Female,93.83.3.75
913,Hollyanne,Thorowgood,hthorowgoodpc@nps.gov,Female,32.88.46.216
914,Roxine,Kybbye,rkybbyepd@so-net.ne.jp,Female,36.8.195.101
915,De,Scoon,dscoonpe@about.me,Female,9.91.120.18
916,Lenka,Kennealy,lkennealypf@mtv.com,Female,155.213.51.194
917,Dagny,Andreix,dandreixpg@slate.com,Male,45.178.25.236
918,Sayers,Mainston,smainstonph@rakuten.co.jp,Male,232.158.78.2
919,Zerk,Trice,ztricepi@noaa.gov,Male,114.65.128.38
920,Annette,Weymont,aweymontpj@hostgator.com,Female,74.14.27.100
921,Ileana,Byrne,ibyrnepk@businesswire.com,Female,171.137.152.145
922,Marris,Pinar,mpinarpl@altervista.org,Female,189.119.132.211
923,Henrietta,Dregan,hdreganpm@cyberchimps.com,Female,49.166.120.123
924,Dita,Seeds,dseedspn@jigsy.com,Female,10.118.26.157
925,Cyb,Goodge,cgoodgepo@hao123.com,Female,217.113.219.30
926,Barry,Greatbanks,bgreatbankspp@walmart.com,Male,6.163.19.120
927,Germaine,Scothorne,gscothornepq@ifeng.com,Male,70.25.55.64
928,Prince,Leppo,pleppopr@devhub.com,Male,9.94.191.134
929,Leighton,Cheake,lcheakeps@smugmug.com,Male,79.6.23.92
930,Eugenia,Pigny,epignypt@google.ru,Female,252.84.56.52
931,Matelda,Polding,mpoldingpu@cdc.gov,Female,83.45.131.219
932,Wildon,Birdall,wbirdallpv@netlog.com,Male,74.135.180.80
933,Mella,Mertin,mmertinpw@wufoo.com,Female,48.245.61.250
934,Judie,Lathom,jlathompx@networksolutions.com,Female,79.153.162.221
935,Oralie,Sewter,osewterpy@vkontakte.ru,Female,72.196.197.97
936,Muffin,MacFarlane,mmacfarlanepz@mlb.com,Female,41.14.131.115
937,Ginevra,Campbell,gcampbellq0@elpais.com,Female,120.208.118.229
938,Engracia,Biset,ebisetq1@drupal.org,Female,233.36.4.252
939,Kristy,Medeway,kmedewayq2@so-net.ne.jp,Female,76.222.37.140
940,Jonathon,Fulloway,jfullowayq3@loc.gov,Male,9.176.34.179
941,Terry,Fernier,tfernierq4@baidu.com,Female,231.202.229.252
942,Jody,Klageman,jklagemanq5@imgur.com,Female,118.124.234.132
943,Bob,Blaxley,bblaxleyq6@list-manage.com,Male,219.77.77.169
944,Caren,Josse,cjosseq7@redcross.org,Female,145.10.95.88
945,Matthias,Maginot,mmaginotq8@naver.com,Male,32.100.143.92
946,Rudiger,Maskew,rmaskewq9@51.la,Male,59.13.72.128
947,Stearne,Humpatch,shumpatchqa@cam.ac.uk,Male,123.101.34.22
948,Guss,Aubin,gaubinqb@newyorker.com,Male,209.114.33.76
949,Lilllie,Daltry,ldaltryqc@parallels.com,Female,151.40.66.11
950,Prentiss,Anselm,panselmqd@bloomberg.com,Male,97.2.161.25
951,Randy,Kernar,rkernarqe@icio.us,Male,128.243.47.236
952,Giselbert,Oldis,goldisqf@accuweather.com,Male,150.18.174.2
953,Ingmar,Stetson,istetsonqg@disqus.com,Male,76.6.110.169
954,Denna,Leblanc,dleblancqh@yandex.ru,Female,147.13.82.62
955,Lenci,Drinkale,ldrinkaleqi@w3.org,Male,112.43.239.245
956,Ashlee,Fleay,afleayqj@phpbb.com,Female,179.49.192.196
957,Diego,Pretti,dprettiqk@wordpress.com,Male,109.155.111.173
958,Claiborn,Safhill,csafhillql@wikia.com,Male,203.138.212.195
959,Isaiah,Gringley,igringleyqm@goodreads.com,Male,59.172.54.250
960,Talbert,Pumphrey,tpumphreyqn@woothemes.com,Male,82.52.254.26
961,Toiboid,Stanlick,tstanlickqo@sphinn.com,Male,1.173.208.41
962,Lodovico,Boyde,lboydeqp@canalblog.com,Male,72.213.50.203
963,Kerri,Varne,kvarneqq@thetimes.co.uk,Female,44.1.242.166
964,Valentin,Edlyn,vedlynqr@nih.gov,Male,46.94.75.248
965,Berke,Curneen,bcurneenqs@gizmodo.com,Male,49.250.13.42
966,Coleman,Malbon,cmalbonqt@baidu.com,Male,246.118.49.99
967,Antoine,Cosyns,acosynsqu@opera.com,Male,170.250.44.8
968,Kaela,Cowerd,kcowerdqv@cbc.ca,Female,224.137.37.155
969,Abby,Baldetti,abaldettiqw@ox.ac.uk,Female,5.3.6.101
970,Karilynn,Hartegan,kharteganqx@seattletimes.com,Female,9.106.34.79
971,Barbara-anne,Muat,bmuatqy@chron.com,Female,5.128.252.12
972,Sasha,Barrick,sbarrickqz@msu.edu,Female,73.134.94.11
973,Torrance,Lemmers,tlemmersr0@geocities.jp,Male,113.4.71.217
974,Janel,Lovett,jlovettr1@businesswire.com,Female,59.144.182.184
975,Eugenio,Goodnow,egoodnowr2@opensource.org,Male,151.100.160.40
976,Amanda,Bermingham,aberminghamr3@friendfeed.com,Female,34.117.26.37
977,Lynnelle,Duddin,lduddinr4@nih.gov,Female,28.250.120.125
978,Florie,Keam,fkeamr5@tripadvisor.com,Female,209.170.230.252
979,Vincenz,Gethings,vgethingsr6@comcast.net,Male,232.236.248.242
980,Marci,Digby,mdigbyr7@europa.eu,Female,117.149.116.228
981,Dorian,McInulty,dmcinultyr8@tripadvisor.com,Male,85.8.146.186
982,Theresina,Bossom,tbossomr9@accuweather.com,Female,110.208.166.233
983,Beale,Acock,bacockra@cbsnews.com,Male,250.219.70.47
984,Jeramey,Zuan,jzuanrb@symantec.com,Male,72.77.177.64
985,Latashia,Quant,lquantrc@umn.edu,Female,54.110.89.63
986,Cchaddie,Cooley,ccooleyrd@imgur.com,Male,200.216.229.204
987,Reynold,Bolderoe,rbolderoere@jimdo.com,Male,92.104.23.22
988,Leticia,Soloway,lsolowayrf@discovery.com,Female,185.159.205.152
989,Phaidra,Beazer,pbeazerrg@craigslist.org,Female,241.50.151.119
990,Flinn,McDuff,fmcduffrh@stumbleupon.com,Male,173.73.97.189
991,Cash,Maffiotti,cmaffiottiri@spotify.com,Male,112.143.152.108
992,Shem,Jacquemet,sjacquemetrj@yolasite.com,Male,165.81.84.194
993,Ansley,O'Hannay,aohannayrk@wikipedia.org,Female,92.204.68.78
994,Leda,Spurway,lspurwayrl@telegraph.co.uk,Female,199.67.89.40
995,Lisabeth,Shenton,lshentonrm@psu.edu,Female,37.124.220.51
996,Cordey,Elson,celsonrn@cdbaby.com,Female,159.170.251.229
997,Glori,Gerty,ggertyro@1und1.de,Female,152.126.41.158
998,Nixie,Turney,nturneyrp@google.com,Female,2.7.80.70
999,Gale,Schruur,gschruurrq@guardian.co.uk,Male,153.74.168.91
1000,Hans,Hairs,hhairsrr@123-reg.co.uk,Male,172.128.193.93
